server-tools;base_sparse_field
server-tools;base_view_inheritance_extension
reporting-engine;report_xlsx
reporting-engine;report_xlsx_helper
server-ux;date_range
server-ux;date_range_account
connector;component
connector;component_event
queue;queue_job
edi;base_edi
edi;edi_oca
edi;edi_account_oca
edi;edi_exchange_template_oca
l10n-spain;l10n_es_aeat
l10n-spain;l10n_es_aeat_mod111
l10n-spain;l10n_es_aeat_mod115
l10n-spain;l10n_es_aeat_mod123
l10n-spain;l10n_es_aeat_mod130
#######l10n-spain;l10n_es_aeat_mod190
l10n-spain;l10n_es_aeat_mod303
l10n-spain;l10n_es_aeat_mod347
l10n-spain;l10n_es_aeat_mod349
l10n-spain;l10n_es_aeat_mod390
l10n-spain;l10n_es_vat_book
l10n-spain;l10n_es_toponyms
l10n-spain;l10n_es_partner
l10n-spain;l10n_es_account_asset
l10n-spain;l10n_es_facturae
l10n-spain;l10n_es_facturae_face
accounting;account_statement_base
accounting;account_statement_import_base
accounting;account_statement_import
l10n-spain;l10n_es_account_statement_import_n43
odoo;board
mis-builder;mis_builder
mis-builder;mis_builder_budget
web;web_responsive
web;web_tree_many2one_clickable
partner-contact;base_location_nuts
l10n_spain;l10n_es_location_nuts
partner-contact;partner_contact_personal_information_page
partner-contact;partner_contact_birthdate
partner-contact;partner_contact_gender
partner-contact;partner_deduplicate_acl
account-financial-reporting;account_financial_report
account-financial-reporting;partner_statement
community-data-files;base_bank_from_iban
account-financial-tools;account_asset_management
account-financial-tools;account_journal_lock_date
account-financial-tools;account_lock_date_update
account-financial-tools;account_move_name_sequence
bank-payment;account_payment_order
bank-payment;account_payment_partner
purchase;purchase
bank-payment;account_payment_purchase
bank-payment;account_payment_purchase_stock
bank-payment;account_payment_order
bank-payment;account_banking_pain_base
bank-payment;account_banking_mandate
bank-payment;account_banking_sepa_credit_transfer
bank-payment;account_banking_sepa_direct_debit
account-reconcile;account_statement_base
account-reconcile;account_reconcile_model_oca
account-reconcile;account_reconcile_oca
account-reconcile;account_mass_reconcile
account-reconcile;account_statement_base